Fleet No,Asset ID,Category,Description,Plate Number,Benchmark_KmL
PV-001,PV-001-ML3907,Vehicle,COROLA,ML 3907,8.0
PV-002,PV-002-YR979,Vehicle,PRADO - TOYOTA,YR 979,8.0
PV-003,PV-003-W56388,Vehicle,AVALON ,W 56388,8.0
PV-004,PV-004-D42061,Vehicle,ORION - SALON - OBAID ABOOD,D 42061,8.0
PV-005,PV-005-H35605,Vehicle,PICK UP SINGLE - MUBARAK ABOOD,H 35605,8.0
PV-006,PV-006-AA84315,Vehicle,RAV 4 - GHASAN SALEH SAID,AA 84315,8.0
PV-007,PV-007-M41127,Vehicle,RAV 4 - SALEH SAID SUHAIL,M 41127,8.0
PV-008,PV-008-YY6286,Vehicle,PICK UP (GARAGE) - SUHAIL SALEH,YY 6286,8.0
PV-009,PV-009-AW46785,Vehicle,RAV 4 - MOHAMMED ABOOD,AW 46785,8.0
PV-010,PV-010-AA38985,Vehicle,TOYOTA LC (HAMED MUBARAK),AA 38985,8.0
PV-011,PV-011-Y43795,Vehicle,RAV 4 - SAID ABOUD,Y 43795,8.0
HSC-001,HSC-001-HM1386,Equipment,CAT FORK LIFT ,HM 1386,2.5
HSC-002,HSC-002-YB5278,Equipment,BRAKISH WATER TANK,YB 5278,2.5
HSC-003,HSC-003-DK5654,Equipment,JCB ,DK 5654,2.5
HSC-004,HSC-004-BK9892,Equipment,BRAKISH WATER BOWSER,BK 9892,2.5
HSC-006,HSC-006-BA4820,Equipment,BRAKISH WATER BOWSER,BA 4820,2.5
HSC-007,HSC-007-YM977,Equipment,JCB ,YM 977,2.5
HSC-008,HSC-008-YD934,Equipment,BRAKISH WATER TANK,YD 934,2.5
HSC-012,HSC-012-ML2013,Equipment,DOZER - CATERPILLER,ML 2013,2.5
HSC-013,HSC-013-YR5281,Equipment,BRAKISH WATER TANK,YR 5281,2.5
HSC-015,HSC-015-YW9016,Equipment,BRAKISH WATER BOWSER,YW 9016,2.5
HSC-016,HSC-016-YD5558,Equipment,BRACKISH WAER TANK,YD 5558,2.5
HSC-017,HSC-017-HA499,Equipment,LOWBED TRAILOR,HA 499,2.5
HSC-019,HSC-019-MR741,Equipment,PRIME MOVER - MAN,MR 741,2.5
HSC-022,HSC-022-MR2588,Equipment,BRAKISH WATER TANK,MR 2588,2.5
HSC-023,HSC-023-WB1976,Equipment,WATER BOWSER,WB 1976,2.5
HSC-030,HSC-030-BM8829,Equipment,FLAT BED TRAILOR,BM 8829,2.5
HSC-037,HSC-037-DS9271,Vehicle,TOYOTA LC / ST,DS 9271,8.0
HSC-038,HSC-038-WB6108,Equipment,PRIME MOVER - MAN ,WB 6108,2.5
HSC-040,HSC-040-MH3742,Bus,COASTER BUS - TOYOTA (21 Seat),MH 3742,4.0
HSC-047,HSC-047-YM9794,Equipment,PRIME MOVER - MAN,YM 9794,2.5
HSC-048,HSC-048-YW8071,Equipment,BRAKISH WATER TANK,YW 8071,2.5
HSC-049,HSC-049-BK3624,Vehicle,TOYOTA PICK UP,BK 3624,8.0
HSC-052,HSC-052-MR3831,Equipment,PRIME MOVER - MAN,MR 3831,2.5
HSC-055,HSC-055-AK2868,Equipment,MAN TIPPER -18M3,AK 2868,2.5
HSC-060,HSC-060-BK6218,Vehicle,TOYOTA LC / ST,BK 6218,8.0
HSC-061,HSC-061-BK120,Equipment,PRIME MOVER - MAN,BK 120,2.5
HSC-063,HSC-063-RK1628,Equipment,GRADER - KOMATSU,RK 1628,2.5
HSC-065,HSC-065-YD1910,Equipment,MAN TIPPER ,YD 1910,2.5
HSC-066,HSC-066-HK4068,Equipment,MAN TIPPER ,HK 4068,2.5
HSC-068,HSC-068-WK7413,Bus,COASTER BUS - TOYOTA (21 Seat),WK 7413,4.0
HSC-070,HSC-070-WK7589,Equipment,PRIME MOVER - MAN,WK 7589,2.5
HSC-071,HSC-071-HK6751,Equipment,BRAKISH WATER BOWSER,HK 6751,2.5
HSC-072,HSC-072-HA3677,Equipment,EXCAVATOR WITH ROCKBREAKER,HA 3677,2.5
HSC-073,HSC-073-DS8458,Equipment,MAN PRIME MOVER,DS 8458,2.5
HSC-074,HSC-074-YD6520,Equipment,MAN PRIME MOVER,YD 6520,2.5
HSC-075,HSC-075-MB1686,Equipment,MAN TIPPER,MB 1686,2.5
HSC-076,HSC-076-DA3491,Equipment,MAN TIPPER,DA 3491,2.5
HSC-077,HSC-077-AK9636,Equipment,CANTER HINO,AK 9636,2.5
HSC-078,HSC-078-MR7827,Bus,COASTER BUS - TOYOTA (21 Seat),MR 7827,4.0
HSC-080,HSC-080-AK4830,Equipment,HIAB - ISUZU TRUCK,AK 4830,2.5
HSC-081,HSC-081-RH1626,Equipment,MAN PRIME MOVER,RH 1626,2.5
HSC-082,HSC-082-MA8364,Equipment,MITSUBISHI CANTER,MA 8364,2.5
HSC-084,HSC-084-DK8999,Equipment,JCB ,DK 8999,2.5
HSC-085,HSC-085-YB7156,Equipment,BRAKISH WATER BOWSER,YB 7156,2.5
HSC-086,HSC-086-DK7900,Equipment,BRAKISH WATER BOWSER,DK 7900,2.5
HSC-087,HSC-087-ML1895,Equipment,MITSUBISHI CANTER,ML 1895,2.5
HSC-088,HSC-088-HW1750,Equipment,HIAB - ISUZU TRUCK,HW 1750,2.5
HSC-089,HSC-089-MB3750,Equipment,WHEEL LOADER WITH FORK,MB 3750,2.5
HSC-091,HSC-091-HW4600,Equipment,MAN PRIME MOVER,HW 4600,2.5
HSC-094,HSC-094-WK873,Equipment,CANTER - HINO,WK 873,2.5
HSC-095,HSC-095-WB2660,Bus,COASTER BUS - TOYOTA (21 Seat),WB 2660,4.0
HSC-096,HSC-096-WK9113,Equipment,GRADER - KOMATSU,WK 9113,2.5
HSC-099,HSC-099-MK2866,Equipment,IZUSU HIAB TRUCK,MK 2866,2.5
HSC-100,HSC-100-HA5131,Equipment,CANTER MITSUBISHI,HA 5131,2.5
HSC-101,HSC-101-HA948,Tanker,FUEL TANKER,HA 948,0.0
HSC-102,HSC-102-HM4571,Equipment,MAN TIPPER,HM 4571,2.5
HSC-103,HSC-103-MH584,Equipment,GRADER - KOMATSU,MH 584,2.5
HSC-104,HSC-104-MB7784,Equipment,WHEEL LOADER,MB 7784,2.5
HSC-105,HSC-105-DK3575,Equipment,BOMAG ROLLER,DK 3575,2.5
HSC-106,HSC-106-RA427,Bus,COASTER BUS - TOYOTA (21 Seat),RA 427,4.0
HSC-107,HSC-107-RA7035,Equipment,CANTER MITSUBISHI,RA 7035,2.5
HSC-110,HSC-110-HK2628,Equipment,CANTER MITSUBISHI,HK 2628,2.5
HSC-111,HSC-111-HK6987,Bus,COASTER BUS - TOYOTA (21 Seat),HK 6987,4.0
HSC-112,HSC-112-HM5815,Equipment,DOZER - CATERPILLER,HM 5815,2.5
HSC-113,HSC-113-DA536,Equipment,MAN TIPPER,DA 536,2.5
HSC-114,HSC-114-WA7617,Equipment,MAN TIPPER,WA 7617,2.5
HSC-115,HSC-115-RH1406,Equipment,MAN TIPPER,RH 1406,2.5
HSC-118,HSC-118-MH2504,Equipment,PRIME MOVER - MAN,MH 2504,2.5
HSC-117,HSC-117-MH7508,Equipment,PRIME MOVER - MAN,MH 7508,2.5
HSC-116,HSC-116-DA4247,Tanker,FUEL TANKER,DA 4247,0.0
HSC-120,HSC-120-RH1256,Equipment,GRADER - KOMATSU,RH 1256,2.5
HSC-121,HSC-121-MS5102,Equipment,WHEEL LOADER,MS 5102,2.5
HSC-051,HSC-051-MB2955,Equipment,BRAKISH WATER BOWSER,MB 2955,2.5
HSC-010,HSC-010-BM1118,Equipment,BRAKISH WATER BOWSER,BM 1118,2.5
HSC-046,HSC-046-HW3310,Vehicle,LC/STN - TOYOTA,HW 3310,8.0
HSC-011,HSC-011-LH6040,Equipment,BOMAG ROLLER,LH 6040,2.5
HSC-083,HSC-083-WA158,Equipment,MAN TIPPER,WA 158,2.5
HSC-090,HSC-090-BM5289,Equipment,MAN TIPPER,BM 5289,2.5
HSC-092,HSC-092-WA292,Equipment,MAN TIPPER,WA 292,2.5
HSC-093,HSC-093-BM6319,Equipment,MAN TIPPER,BM 6319,2.5
HSC-119,HSC-119-MA3024,Equipment,BRAKISH WATER BOWSER,MA 3024,2.5
HSC-122,HSC-122-MB684,Bus,COASTER BUS - TOYOTA (21 Seat),MB 684,4.0
HSC-123,HSC-123-MB7714,Bus,COASTER BUS - TOYOTA (21 Seat),MB 7714,4.0
HSC-124,HSC-124-BM1810,Vehicle,TOYOTA PICK UP,BM 1810,8.0
HSC-125,HSC-125-RH6702,Equipment,BULLDOZER - CATERPILLER,RH 6702,2.5
HSC-126,HSC-126-MS8303,Equipment,GRADER - KOMATSU,MS 8303,2.5
HSC-127,HSC-127-MS1494,Equipment,WHEEL LOADER,MS 1494,2.5
HSC-128,HSC-128-LA2459,Equipment,BOMAG ROLLER,LA 2459,2.5
HSC-129,HSC-129-RH9637,Equipment,WHEEL LOADER WITH FORK,RH 9637,2.5
HSC-130,HSC-130-RA5749,Vehicle,TOYOTA PICK UP,RA 5749,8.0
HSC-131,HSC-131-LA6494,Equipment,BOMAG ROLLER,LA 6494,2.5
HSC-132,HSC-132-WA5253,Equipment,MAN PRIME MOVER,WA 5253,2.5
HSC-133,HSC-133-MS1669,Equipment,MAN TIPPER,MS 1669,2.5
HSC-134,HSC-134-RA9052,Equipment,MAN PRIME MOVER,RA 9052,2.5
HSC-135,HSC-135-BM4534,Equipment,MAN TIPPER,BM 4534,2.5
HSC-136,HSC-136-BM9503,Equipment,HIAB - ISUZU TRUCK ,BM 9503,2.5
HSC-137,HSC-137-MB8338,Equipment,HIAB - ISUZU TRUCK ,MB 8338,2.5
HSC-138,HSC-138-LB4657,Equipment,CAT Dozer - D8T,LB 4657,2.5
HSC-139,HSC-139-DA3762,Equipment,CAT GRADER - 140GC,DA 3762,2.5
HSC-140,HSC-140-MS3271,Equipment,CAT WHEEL LOADER - 966GC,MS 3271,2.5
HSC-141,HSC-141-MB6780,Equipment,CAT CS11 GC - ROLLER,MB 6780,2.5
HSC-142,HSC-142-MH2233,Equipment,BRAKISH WATER BOWSER,MH 2233,2.5
HSC-143,HSC-143-DA5068,Equipment,LOWBED TRAILOR,DA 5068,2.5
HSC-144,HSC-144-RA5776,Equipment,GRADER - KOMATSU,RA 5776,2.5
HSC-145,HSC-145-MB8572,Equipment,PRIME MOVER - MAN,MB 8572,2.5
HSC-146,HSC-146-RH309,Equipment,MAN TIPPER,RH 309,2.5
HSC-147,HSC-147-RA5962,Equipment,MAN TIPPER,RA 5962,2.5
HSC-148,HSC-148-MH5897,Equipment,MAN TIPPER,MH 5897,2.5
HSC-149,HSC-149-WA2583,Bus,COASTER BUS - TOYOTA (21 Seat),WA 2583,4.0
HSC-150,HSC-150-BM2482,Bus,COASTER BUS - TOYOTA (21 Seat),BM 2482,4.0
HSC-151,HSC-151-BM8249,Vehicle,TOYOTA PICK UP,BM 8249,8.0
HSC-152,HSC-152-BM9929,Vehicle,TOYOTA PICK UP,BM 9929,8.0
HSC-153,HSC-153-BM9455,Equipment,BRAKISH WATER BOWSER,BM 9455,2.5
HSC-154,HSC-154-BM5974,Equipment,BRAKISH WATER BOWSER,BM 5974,2.5
HSC-155,HSC-155-MH7951,Equipment,TIPPER TRAILER,MH 7951,2.5
HSC-156,HSC-156-MH8658,Equipment,GRADER - KOMATSU,MH 8658,2.5
HSC-157,HSC-157-MH9581,Equipment,WHEEL LOADER - KOMATSU,MH 9581,2.5
HSC-158,HSC-158-MB3504,Bus,COASTER BUS - TOYOTA (21 Seat),MB 3504,4.0
HSC-159,HSC-159-RH4087,Bus,COASTER BUS - TOYOTA (21 Seat),RH 4087,4.0
HSC-160,HSC-160-RH1631,Vehicle,TOYOTA /LC WAGON,RH 1631,8.0
HSC-161,HSC-161-RH9651,Equipment,PRIME MOVER - MAN,RH 9651,2.5
HSC-162,HSC-162-RH5225,Equipment,PRIME MOVER - MAN,RH 5225,2.5
HSC-163,HSC-163-MH1148,Vehicle,LAND CRUISER / STATION,MH 1148,8.0
HSC-164,HSC-164-WA6018,Equipment,TIPPER TRAILER,WA 6018,2.5
HSC-165,HSC-165-MH7385,Bus,COASTER BUS - TOYOTA (21 Seat),MH 7385,4.0
HSC-166,HSC-166-RH5426,Bus,COASTER BUS - TOYOTA (21 Seat),RH 5426,4.0
HSC-167,HSC-167-MH6074,Equipment,CAT Dozer - D8T,MH 6074,2.5
HSC-168,HSC-168-RH3031,Equipment,CAT Dozer - D8T,RH 3031,2.5
HSC-169,HSC-169-WA1161,Equipment,CANTER MITSUBISHI,WA 1161,2.5
HSC-170,HSC-170-MB5072,Equipment,CANTER MITSUBISHI,MB 5072,2.5
HSC-171,HSC-171-MB3801,Equipment,GRADER - KOMATSU,MB 3801,2.5
HSC-172,HSC-172-MH5457,Equipment,BRAKISH WATER BOWSER,MH 5457,2.5
HSC-173,HSC-173-ML2037,Equipment,BRAKISH WATER BOWSER,ML 2037,2.5
HSC-174,HSC-174-MK4827,Equipment,BRAKISH WATER BOWSER,MK 4827,2.5
HSC-175,HSC-175-LH2120,Equipment,CAT Dozer - D8T,LH 2120,2.5
HSC-176,HSC-176-LA2270,Equipment,CAT CS11 GC - ROLLER,LA 2270,2.5
HSC-177,HSC-177-LH4990,Equipment,CAT CS11 GC - ROLLER,LH 4990,2.5
HSC-178,HSC-178-LA1672,Equipment,CAT CS11 GC - ROLLER,LA 1672,2.5
HSC-179,HSC-179-WA4536,Equipment,MAN PRIME MOVER (TM),WA 4536,2.5
HSC-180,HSC-180-WK907,Equipment,MAN PRIME MOVER (TM),WK 907,2.5
HSC-181,HSC-181-WB8324,Equipment,MAN PRIME MOVER (TM),WB 8324,2.5
HSC-182,HSC-182-DS7819,Equipment,TIPPER TRAILER,DS 7819,2.5
HSC-183,HSC-183-HM2715,Equipment,TIPPER TRAILER,HM 2715,2.5
HSC-184,HSC-184-DS4248,Equipment,WHEEL LOADER - KOMATSU,DS 4248,2.5
HSC-185,HSC-185-YD4334,Equipment,GRADER - KOMATSU,YD 4334,2.5
HSC-186,HSC-186-MS2078,Bus,COASTER BUS - TOYOTA (21 Seat),MS 2078,4.0
HSC-187,HSC-187-RH7035,Equipment,TIPPER TRAILER,RH 7035,2.5
HSC-188,HSC-188-YS6200,Equipment,TIPPER TRAILER,YS 6200,2.5
HSC-189,HSC-189-LD2382,Equipment,CAT CS11 GC - ROLLER,LD 2382,2.5
HSC-190,HSC-190-LH798,Equipment,CAT CS11 GC - ROLLER,LH 798,2.5
HSC-191,HSC-191-YR9992,Bus,COASTER BUS - TOYOTA (21 Seat),YR 9992,4.0
HSC-192,HSC-192-BK6613,Vehicle,FORTUNER - TOYOTA,BK 6613,8.0
HSC-193,HSC-193-RA5860,Equipment,MAN TIPPER,RA 5860,2.5
HSC-194,HSC-194-MS2756,Equipment,MAN TIPPER,MS 2756,2.5
HSC-195,HSC-195-YW4657,Equipment,MAN PRIME MOVER (TM),YW 4657,2.5
HSC-196,HSC-196-HW9233,Equipment,MAN PRIME MOVER (TM),HW 9233,2.5
HSC-197,HSC-197-MS2539,Equipment,MAN PRIME MOVER (TM),MS 2539,2.5
HSC-198,HSC-198-AK5372,Equipment,WHEEL LOADER - KOMATSU,AK 5372,2.5
HSC-199,HSC-199-YW5937,Equipment,GRADER - KOMATSU,YW 5937,2.5
HSC-200,HSC-200-RK8184,Bus,COASTER BUS - TOYOTA (21 Seat),RK 8184,4.0
HSC-201,HSC-201-MK7732,Equipment,WHEEL LOADER - KOMATSU,MK 7732,2.5
HSC-202,HSC-202-MK5250,Equipment,WHEEL LOADER - KOMATSU,MK 5250,2.5
HSC-203,HSC-203-AK1743,Equipment,GRADER - KOMATSU,AK 1743,2.5
HSC-204,HSC-204-MR3910,Vehicle,TOYOTA /LC WAGON,MR 3910,8.0
HSC-205,HSC-205-MB3759,Vehicle,TOYOTA / HILUX,MB 3759,8.0
HSC-206,HSC-206-LA4187,Equipment,CAT CS11 GC - ROLLER,LA 4187,2.5
HSC-207,HSC-207-LH651,Equipment,CAT CS11 GC - ROLLER,LH 651,2.5
HSC-208,HSC-208-YR1900,Equipment,MAN TIPPER,YR 1900,2.5
HSC-209,HSC-209-YB559,Equipment,MAN TIPPER,YB 559,2.5
HSC-210,HSC-210-DA793,Equipment,MAN TIPPER,DA 793,2.5
HSC-211,HSC-211-WB2044,Equipment,MAN PRIME MOVER (TM),WB 2044,2.5
HSC-212,HSC-212-MR5186,Equipment,MAN PRIME MOVER (TM),MR 5186,2.5
HSC-213,HSC-213-MS3878,Equipment,MAN PRIME MOVER (TM),MS 3878,2.5
HSC-214,HSC-214-LD1835,Equipment,KOMATSU EXCAVATOR,LD 1835,2.5
HSC-215,HSC-215-DS2947,Vehicle,TOYOTA / HILUX,DS 2947,8.0
HSC-216,HSC-216-WK1071,Equipment,CANTER MITSUBISHI,WK 1071,2.5
HSC-217,HSC-217-HK4930,Bus,MITSUBISHI ROSA BUS ,HK 4930,4.0
HSC-218,HSC-218-WK8150,Equipment,BRAKISH WATER BOWSER,WK 8150,2.5
HSC-219,HSC-219-AK1161,Equipment,BRAKISH WATER BOWSER,AK 1161,2.5
HSC-220,HSC-220-BA3716,Equipment,TIPPER TRAILER,BA 3716,2.5
HSC-221,HSC-221-YM7806,Equipment,TIPPER TRAILER,YM 7806,2.5
HSC-222,HSC-222-MH6214,Equipment,"MAN PRIME MOVER, 40.440 (TM) ",MH 6214,2.5
HSC-223,HSC-223-RK1724,Equipment,"MAN PRIME MOVER, 40.440 (TM) ",RK1724,2.5
HSC-224,HSC-224-YM3513,Equipment,"MAN PRIME MOVER, 40.440 (TM) ",YM 3513,2.5
HSC-225,HSC-225-YD1426,Equipment,"MAN PRIME MOVER, 40.440 (TM) ",YD 1426,2.5
HSC-226,HSC-226-MS4927,Bus,MITSUBISHI ROSA BUS ,MS 4927,4.0
HSC-227,HSC-227-LH6590,Equipment,DOZER - CATERPILLER,LH 6590,2.5
HSC-228,HSC-228-LA6686,Equipment,DOZER - CATERPILLER,LA 6686,2.5
HSC-229,HSC-229-MS6557,Equipment,LOWBED TRAILOR,MS 6557,2.5
HSC-230,HSC-230-WK9463,Bus,BUS - 58 SEATER / FALCON,WK 9463,4.0
HSC-231,HSC-231-BA9376,Vehicle,FORTUNER - TOYOTA,BA 9376,8.0
HSC-232,HSC-232-DA4451,Equipment,WHEEL LOADER - CATERPILLAR,DA 4451,2.5
HSC-233,HSC-233-YD7350,Equipment,WHEEL LOADER - CATERPILLAR,YD 7350,2.5
HSC-234,HSC-234-HW6160,Equipment,CAT CS11 GC - ROLLER,HW 6160,2.5
HSC-235,HSC-235-RK1647,Equipment,CAT CS11 GC - ROLLER,RK 1647,2.5
HSC-236,HSC-236-DK1255,Equipment,CAT GRADER ,DK 1255,2.5
HSC-237,HSC-237-HW7037,Equipment,CAT GRADER,HW 7037,2.5
HSC-238,HSC-238-LD4603,Equipment,KOMATSU EXCAVATOR with Breaker,LD 4603,2.5
HSC-239,HSC-239-LA5876,Equipment,KOMATSU EXCAVATOR with Breaker,LA 5876,2.5
HSC-240,HSC-240-MH9990,Equipment,JCB + Fork,MH 9990,2.5
HSC-241,HSC-241-YR255,Equipment,"MAN PRIME MOVER, 40.440 (TM) ",YR 255,2.5
HSC-242,HSC-242-HK5098,Equipment,"MAN PRIME MOVER, 40.440 (TM) ",HK 5098,2.5
HSC-243,HSC-243-DK7165,Equipment,"MAN PRIME MOVER, 40.440 (TM) ",DK 7165,2.5
HSC-244,HSC-244-ML6854,Equipment,"MAN PRIME MOVER, 40.440 (TM) ",ML 6854,2.5
HSC-245,HSC-245-AK9052,Equipment,"MAN PRIME MOVER, 40.440 (TM) ",AK 9052,2.5
HSC-246,HSC-246-MR7677,Equipment,TIPPER TRAILER,MR 7677,2.5
HSC-247,HSC-247-BM8474,Equipment,TIPPER TRAILER,BM 8474,2.5
HSC-248,HSC-248-YR8288,Equipment,TIPPER TRAILER,YR 8288,2.5
HSC-249,HSC-249-WB1026,Equipment,TIPPER TRAILER,WB 1026,2.5
HSC-250,HSC-250-RA9874,Equipment,TIPPER TRAILER,RA 9874,2.5
HSC-251,HSC-251-MR9075,Equipment,JCB + Fork,MR 9075,2.5
BPS-03,BPS-03-MK8764,Equipment,BRAKISH WATER BOWSER,MK 8764,2.5
BPS-05,BPS-05-HM6551,Equipment,MAN TIPPER,HM 6551,2.5
BPS-09,BPS-09-HK4078,Equipment,BULLDOZER - KOMATSU,HK 4078,2.5
BPS-10,BPS-10-HA2693,Equipment,PRIME MOVER - MAN,HA 2693,2.5
BPS-11,BPS-11-HA1362,Equipment,BRAKISH WATER TANK,HA 1362,2.5
BPS-12,BPS-12-HA8634,Equipment,CANTER - HINO,HA 8634,2.5
BPS-13,BPS-13-MR4557,Tanker,FUEL TANKER - HINO,MR 4557,0.0
BPS-14,BPS-14-BK870,Equipment,MAN TIPPER ,BK 870,2.5
BPS-15,BPS-15-HK3497,Equipment,NEW PRIME MOVER - MAN,HK 3497,2.5
BPS-17,BPS-17-HW5210,Equipment,BRAKISH WATER BOWSER,HW 5210,2.5
BPS-20,BPS-20-MH3216,Equipment,PRIME MOVER - MAN,MH 3216,2.5
BPS-21,BPS-21-MS5402,Equipment,BRAKISH WATER BOWSER,MS 5402,2.5
BPS-22,BPS-22-MH8803,Equipment,JCB ,MH 8803,2.5
BPS-23,BPS-23-AK2289,Equipment,WHEEL LOADER,AK 2289,2.5
BPS-25,BPS-25-HW6736,Equipment,BULLDOZER - KOMATSU,HW 6736,2.5
BPS-26,BPS-26-MD3397,Equipment,GRADER - KOMATSU,MD 3397,2.5
BPS-27,BPS-27-YD5084,Equipment,WHEEL LOADER,YD 5084,2.5
BPS-29,BPS-29-DA3440,Equipment,HINO CANTER,DA 3440,2.5
BPS-30,BPS-30-MH1555,Vehicle,TOYOTA PICK UP,MH 1555,8.0
BPS-31,BPS-31-RH3002,Equipment,GRADER - KOMATSU,RH 3002,2.5
BPS-33,BPS-33-WK6821,Bus,COASTER BUS - TOYOTA (21 Seat),WK 6821,4.0
BPS-34,BPS-34-DA9263,Vehicle,TOYOTA PICK UP,DA 9263,8.0
BPS-35,BPS-35-YR5885,Equipment,PRIME MOVER - MAN,YR 5885,2.5
BPS-36,BPS-36-DS4455,Equipment,MAN TIPPER ,DS 4455,2.5
BPS-37,BPS-37-YB9378,Equipment,CAT DOZER,YB 9378,2.5
BPS-38,BPS-38-BM190,Equipment,BRAKISH WATER BOWSER,BM 190,2.5
BPS-39,BPS-39-YD4892,Equipment,PRIME MOVER - MAN,YD 4892,2.5
BPS-40,BPS-40-BA4270,Equipment,PRIME MOVER - MAN,BA 4270,2.5
BPS-42,BPS-42-DA2030,Equipment,CANTER MITSUBISHI,DA 2030,2.5
BPS-43,BPS-43-MS5092,Equipment,CANTER MITSUBISHI,MS 5092,2.5
BPS-45,BPS-45-WA5937,Equipment,BULLDOZER - CAT,WA 5937,2.5
BPS-46,BPS-46-LD2824,Equipment,KOMATSU EXCAVATOR,LD 2824,2.5
BPS-47,BPS-47-MS1103,Vehicle,TOYOTA PICK UP,MS 1103,8.0
BPS-48,BPS-48-MB7477,Bus,COASTER BUS - TOYOTA (21 Seat),MB 7477,4.0
BPS-49,BPS-49-MS732,Bus,COASTER BUS - TOYOTA (21 Seat),MS 732,4.0
BPS-50,BPS-50-DA3047,Vehicle,TOYOTA PICK UP,DA 3047,8.0
BPS-51,BPS-51-MH7282,Vehicle,TOYOTA PICK UP,MH 7282,8.0
BPS-052,BPS-052-LH1230,Equipment,CAT Dozer - D8T,LH 1230,2.5
BPS-053,BPS-053-RH4437,Equipment,CAT CS11 GC - ROLLER,RH 4437,2.5
BPS-054,BPS-054-WA857,Equipment,GRADER - KOMATSU,WA 857,2.5
BPS-055,BPS-055-MS6700,Equipment,MAN PRIME MOVER,MS 6700,2.5
BPS-056,BPS-056-LH5380,Equipment,CAT CS11 GC - ROLLER,LH 5380,2.5
BPS-057,BPS-057-LA1550,Equipment,CAT CS11 GC - ROLLER,LA 1550,2.5
BPS-058,BPS-058-BM5193,Equipment,MAN PRIME MOVER,BM 5193,2.5
BPS-059,BPS-059-MB649,Equipment,MAN TIPPER,MB 649,2.5
BPS-060,BPS-060-MB2967,Equipment,MAN TIPPER,MB 2967,2.5
BPS-061,BPS-061-LH8123,Equipment,BOMAG ROLLER,LH 8123,2.5
BPS-062,BPS-062-MB9786,Equipment,WHEEL LOADER,MB 9786,2.5
BPS-063,BPS-063-RA7552,Equipment,JCB 4CX,RA 7552,2.5
BPS-064,BPS-064-MS4150,Equipment,BRAKISH WATER BOWSER,MS 4150,2.5
BPS-065,BPS-065-MH765,Equipment,BRAKISH WATER BOWSER,MH 765,2.5
BPS-066,BPS-066-MB51,Equipment,LOWBED TRAILOR,MB 51,2.5
BPS-067,BPS-067-LB2805,Equipment,CAT CS11 GC - ROLLER,LB 2805,2.5
BPS-068,BPS-068-LA9937,Equipment,CAT CS11 GC - ROLLER,LA 9937,2.5
BPS-069,BPS-069-MH7916,Equipment,MAN TIPPER,MH 7916,2.5
BPS-070,BPS-070-WA2796,Equipment,MAN TIPPER,WA 2796,2.5
BPS-071,BPS-071-MB5575,Equipment,MAN TIPPER,MB 5575,2.5
BPS-072,BPS-072-MH5378,Equipment,MAN TIPPER,MH 5378,2.5
BPS-073,BPS-073-MB7679,Equipment,GRADER - KOMATSU,MB 7679,2.5
BPS-074,BPS-074-BM2233,Equipment,WHEEL LOADER,BM 2233,2.5
BPS-075,BPS-075-RH7436,Vehicle,TOYOTA PICK UP,RH 7436,8.0
BPS-076,BPS-076-MB5677,Equipment,BRAKISH WATER BOWSER,MB 5677,2.5
BPS-077,BPS-077-RH2924,Equipment,BRAKISH WATER BOWSER,RH 2924,2.5
BPS-078,BPS-078-RH7007,Equipment,BRAKISH WATER BOWSER,RH 7007,2.5
BPS-079,BPS-079-WA3229,Equipment,MAN PRIME MOVER,WA 3229,2.5
BPS-080,BPS-080-WA7436,Equipment,MAN PRIME MOVER,WA 7436,2.5
BPS-081,BPS-081-WA8786,Equipment,MAN PRIME MOVER,WA 8786,2.5
BPS-082,BPS-082-BM8777,Equipment,MAN PRIME MOVER,BM 8777,2.5
BPS-083,BPS-083-WA2714,Equipment,MAN PRIME MOVER,WA 2714,2.5
BPS-084,BPS-084-BM7131,Vehicle,FORTUNER - TOYOTA,BM 7131,8.0
BPS-085,BPS-085-HW9908,Equipment,WHEEL LOADER - KOMATSU,HW 9908,2.5
BPS-086,BPS-086-RA5739,Equipment,GRADER - KOMATSU,RA 5739,2.5
BPS-087,BPS-087-WK9795,Equipment,JCB 4CX,WK 9795,2.5
BPS-088,BPS-088-YR9604,Equipment,MAN TIPPER,YR 9604,2.5
BPS-089,BPS-089-RK4348,Equipment,MAN TIPPER,RK 4348,2.5
BPS-090,BPS-090-MS8874,Equipment,MAN TIPPER,MS 8874,2.5
BPS-091,BPS-091-WA1053,Equipment,CANTER MITSUBISHI,WA 1053,2.5
BPS-092,BPS-092-AK1763,Bus,COASTER BUS - TOYOTA (21 Seat),AK 1763,4.0
BPS-093,BPS-093-WB569,Bus,COASTER BUS - TOYOTA (21 Seat),WB 569,4.0
BPS-094,BPS-094-LD3003,Equipment,CAT DOZER,LD 3003,2.5
BPS-095,BPS-095-RK8928,Equipment,FUEL TANKER - MAN,RK 8928,2.5
BPS-096,BPS-096-WA6838,Vehicle,FORTUNER - TOYOTA,WA 6838,8.0
BT-01,BT-01-MH8304,Equipment,MITSUBISHI CANTER,MH 8304,2.5
BT-02,BT-02-HA6837,Vehicle,TOYOTA PICK UP,HA 6837,8.0
BT-03,BT-03-MA9439,Bus,COASTER BUS - TOYOTA (21 Seat),MA 9439,4.0
BT-04,BT-04-YR4211,Equipment,GRADER - KOMATSU,YR 4211,2.5
BT-05,BT-05-YS3023,Equipment,BULLDOZER - KOMATSU,YS 3023,2.5
BT-07,BT-07-WK3861,Equipment,MAN PRIME MOVER,WK 3861,2.5
BT-08,BT-08-AK3492,Equipment,MAN TIPPER,AK 3492,2.5
BT-09,BT-09-MD2463,Equipment,MAN TIPPER,MD 2463,2.5
BT-10,BT-10-DK7858,Equipment,JCB ,DK 7858,2.5
BT-11,BT-11-WA7344,Equipment,WHEEL LOADER,WA7344,2.5
BT-12,BT-12-DK5295,Equipment,PRIME MOVER - MAN,DK 5295,2.5
BT-13,BT-13-MA1935,Equipment,BRAKISH WATER TANK,MA 1935,2.5
BT-14,BT-14-YD2462,Equipment,BRAKISH WATER TANK,YD 2462,2.5
BT-15,BT-15-YS372,Equipment,LOWBED TRAILOR,YS 372,2.5
BT-16,BT-16-MR742,Equipment,LOWBED TRAILOR,MR 742,2.5
AHS-001,AHS-001-YB2507,Equipment,PRIME MOVER - MAN,YB 2507,2.5
AHS-003,AHS-003-DS5123,Equipment,PRIME MOVER - MAN ,DS 5123,2.5
AHS-008,AHS-008-MH9504,Equipment,WHEEL LOADER,MH 9504,2.5
AHS-009,AHS-009-WK5214,Equipment,MAN TIPPER,WK 5214,2.5
AHS-010,AHS-010-YD9091,Equipment,BOMAG ROLLER,YD 9091,2.5
AHS-011,AHS-011-DK984,Equipment,BOMAG ROLLER,DK 984,2.5
AHS-012,AHS-012-YB3570,Equipment,BOMAG ROLLER,YB 3570,2.5
AHS-013,AHS-013-HM276,Equipment,BOMAG ROLLER,HM 276,2.5
AHS-014,AHS-014-YW5929,Equipment,BOMAG ROLLER,YW 5929,2.5
AHS-015,AHS-015-RA5370,Equipment,BOMAG ROLLER,RA 5370,2.5
AHS-016,AHS-016-BA7372,Equipment,BOMAG ROLLER,BA 7372,2.5
AHS-017,AHS-017-YS4227,Equipment,BOMAG ROLLER,YS 4227,2.5
AHS-018,AHS-018-RH9213,Equipment,BOMAG ROLLER,RH 9213,2.5
AHS-019,AHS-019-MD8461,Equipment,EXCAVATOR WITH ROCKBREAKER,MD 8461,2.5
AHS-020,AHS-020-ML1002,Equipment,EXCAVATOR WITH ROCKBREAKER,ML 1002,2.5
AHS-021,AHS-021-RK3345,Equipment,CATERPILLER GRADER,RK 3345,2.5
AHS-022,AHS-022-WB6077,Equipment,BULLDOZER - KOMATSU,WB 6077,2.5
AHS-023,AHS-023-YM6743,Equipment,WHEEL LOADER,YM 6743,2.5
AHS-024,AHS-024-YM740,Equipment,GRADER - KOMATSU,YM 740,2.5
AHS-025,AHS-025-MR2285,Equipment,BULLDOZER - KOMATSU,MR 2285,2.5
AHS-026,AHS-026-MS8170,Equipment,WHEEL LOADER,MS 8170,2.5
AHS-027,AHS-027-RH3699,Equipment,WHEEL LOADER - KOMATSU,RH 3699,2.5
AHS-028,AHS-028-DK985,Equipment,GRADER - KOMATSU,DK 985,2.5
SST-01,SST-01-HK6773,Vehicle,TOYOTA PICK UP,HK 6773,8.0
SST-02,SST-02-HW5693,Equipment,HINO CANTER,HW 5693,2.5
SST-03,SST-03-DK432,Equipment,MAN TIPPER -18M3,DK 432,2.5
SST-04,SST-04-HM5884,Equipment,JCB ,HM 5884,2.5
BPS-95,BPS-95-Unknown,Tanker,FUEL TANKER,Unknown,0.0
